token,label,
Cell-Site Simulator to Identify the Cellular Device Used by Unknown Person(s),phone records,
Information associated with a cellular telephone number 901-402-4334 that is stored at premises controlled by Bandwidth.com,phone records,
to Use of a Cell-Site Simulator to Locate the Cellular Device Assigned Call Number XXX-XXX-5708,phone records,
"(Collectively, the Subject Telephones)",phone,
"(Collectively, the Subject Telephones)",phone,
209-361-1453,phone,
4 CELLULAR TELEPHONES SEIZED FROM THE FDC IN PHILADELPHIA AND CURRENTLY HELD BY THE FBI PHILADELPHIA DIVISION,phone,
4 CELLULAR TELEPHONES SEIZED FROM THE FDC IN PHILADELPHIA AND CURRENTLY HELD BY THE FBI PHILADELPHIA DIVISION Re:,phone,
702-517-7282,phone,
916-212-5752,phone,
916-604-1056,phone,
"A Black Alcatel Model A405DL, currently in the custody of the Henrico County Police at 7721 E. Parham Road, Henrico, VA",phone,
"A Black Alcatel Model A405DL, currently in the custody of the Henrico County Police at 7721 E. Parham Road, Henrico, VA (",phone,
A Black and Gray Kyocera Cellular Phone Moden #C6730 (Device 2),phone,
A Black and Gray Kyocera Cellular Phone Moden #C6730 (Device 2),phone,
A black Apple iPhone,phone,
A Black Apple iPhone 11,phone,
A Black Apple iPhone 11,phone,
A Black Apple iPhone 11 ;,phone,
"A black Apple iPhone,",phone,
A Black Galaxy Note 9 SM-960,phone,
A BLACK IPHONE CURRENTLY IN THE POSSESSION OF THE FEDERAL BUREAU OF INVESTIGATION,phone,
A Black IPhone with a Red Case (Device 1),phone,
A Black IPhone with a Red Case (Device 1),phone,
"A Black IPhone with a Red Case (Device 1), A Black and Gray Kyocera Cellular Phone Moden #C6730 (Device 2), A Blue Samsung Cellular Phone (Device 3), A Whiteish Silver LG Cellular Phone (Device 4), (Collectively, the Subject Telephones)",phone,
A black LG cellular telephone,phone,
A black LG cellular telephone,phone,
A black LG cellular telephone,phone,
A black LG cellular telephone.,phone,
A Black LG Smart Cellular Phone,phone,
"A BLACK SOYES CELL PHONE,",phone,
"A BLACK SOYES CELL PHONE, APPROX",phone,
"A BLACK SOYES CELL PHONE, APPROX. 4"" BY 1"" LOCATED AT PHILADELPHIA FBI, EVIDENCE #1B3 AND A SIM CARD, LOCATED AT PHILADELPHIA FBI",phone,
A blue Motorola cellular telephone,phone,
A blue Motorola cellular telephone,phone,
A Blue Samsung Cellular Phone (Device 3),phone,
A Blue Samsung Cellular Phone (Device 3),phone,
"A cellular telephone, with IMEI Number: 358912105734812",phone,
"A cellular telephone, with IMEI Number: 358912105734812, in custody of Homeland Security Investigations",phone,
"A Dark Blue Motorola Phone, PETS No",phone,
"A Dark Blue Motorola Phone, PETS No.",phone,
"A Dark Blue Motorola Phone, PETS No. 1203550594",phone,
"A Samsung Cellular Telephone Currently Located at Homeland Security Investigations in Burlington, Vermont",phone,
A silver LG cellular telephone in a black case,phone,
A silver LG cellular telephone in a black case,phone,
"A WHITE IPHONE XR, LOCATED AT THE FBI WASHINGTON FIELD OFFICE, 601 4TH ST, NW, WASHINGTON, DC 20535",phone,
A Whiteish Silver LG Cellular Phone (Device 4),phone,
A Whiteish Silver LG Cellular Phone (Device 4),phone,
"AN APPLE IPHONE (IMEI NUMBER 358689096531999), CURRENTLY IN MPD CUSTODY AT 17 DC VILLAGE LANE, S.W. WASHINGTON, D.C. 20032, UNDER RULE 41",phone,
AN IPHONE MODEL A1429 BEARING IMEI 990002832878993,phone,
Apple iPhone,phone,
"Apple iPhone 5S cellular telephone, model number A1453, with serial number 352029066888465, located at 1201 NE Lloyd Blvd, Suite 600, Portland, Oregon",phone,
"Apple iPhone 5S cellular telephone, model number A1453, with serial number 352029066888465, located at 1201 NE Lloyd Blvd, Suite 600, Portland, Oregon",phone,
"Apple iPhone 5S cellular telephone, model number A1453, with serial number 352029066888465, located at 1201 NE Lloyd Blvd, Suite 600, Portland, Oregon",phone,
"Apple iPhone 5S cellular telephone, model number A1453, with serial number 352029066888465, located at 1201 NE Lloyd Blvd, Suite 600, Portland, Oregon,",phone,
Apple iPhone 6s,phone,
"Apple iPhone 6s, GPD WIN2, Asus Laptop, Alienware Laptop, Lenovo Thinkpad X1 Yoga, Origin PC Tower, Universal Serial Bus Flash Drives.(kad",phone,
"Apple iphone 6sPlus, silver in color, model number A1687;",phone,
"Apple iPhone 7, Microsoft Surface Pro4 - APPROVED",phone,
Apple iPhone IMEI 354915090735821,phone,
APPLE IPHONE IMEI 357274096819800,phone,
Apple Iphone IMEI: 35-726009-246190,phone,
Apple iPhone Seized,phone,
Apple iPhone Seized as,phone,
"Apple iPhone Seizure No, 2020250400230301",phone,
"Apple iPhone Seizure No, 2020250400230301",phone,
Apple iPhone Seizure No. 2020250400258201-0005,phone,
Apple iPhone XR IMEI Number 3564231013787010,phone,
"Apple iPhone, which is currently stored at the FBI Montgomery Resident Agency",phone,
Apple iPhones,phone,
Black Apple Iphone 6s,phone,
"black Apple iPhone 7, Model: A1660, FCC ID: BCG-E3085A;",phone,
"Black Apple iPhone IMEl352910110111816 ""Target Device""",phone,
Black Blade ZTE cellular phone,phone,
Black Galaxy S10,phone,
Black i-Phone (MWK02LL/A) Serial #F4HC1W5JN Seizure No. 2020250600074701-003,phone,
Black iPhone Model A1160,phone,
"Black iPhone Model A1660, with SIM Card 8901260071 933363537 4F 085629(bus",phone,
"Black iPhone Model A1660, with SIM Card 8901260071 933363537 4F 085629(bus, Deputy Clerk) (",phone,
Black iPhone Seized as FP&F No 2020250400259801,phone,
Black iPhone Seized as FP&F No.,phone,
Black LG LM-X420MM,phone,
Black LG Seized as FP&F No.,phone,
"Black Samsung Galaxy A6, Serial Number RF8K83DN47H, Model SM-A600A, presently in FBI custody as Evidence Item 1B9, Case 281E-BS-4494114",phone,
"Black Samsung Galaxy A6, Serial Number RF8K83DN47H, Model SM-A600A, presently in FBI custody as Evidence Item 1B9, Case 281E-BS-4494114",phone,
Blue Apple iPhone,phone,
Blue Apple iPhone XR,phone,
Blue Apple iPhone XR,phone,
Blue Apple iPhone XR Seizure,phone,
Blue Apple iPhone XR Seizure No,phone,
Blue Samsung Smart Cell Phone with IMEI Number 355865101142047,phone,
Blue Samsung Smart Cell Phone with IMEI Number 355865101142047,phone,
Blue Samsung Smart Cell Phone with IMEI Number 355865101142047;,phone,
cell phone,phone,
Cell Phone,phone,
Cellular Telephone 1,phone,
Cellular Telephone Assigned Call Number (971) 237-4148,phone,
Cellular Telephone Assigned Call Number 321-960-1899,phone,
Cellular Telephone Assigned Call Number 321-960-1899,phone,
Cellular telephone with list telephone number,phone,
Dark Purple Motorola Phone Seizure No. 2020250400206301-0004,phone,
Data Contained in Apple iPhone.,phone,
defendant Red Apple iPhone XR IMEI #357349091122697,phone,
Google Pixel 3 XL,phone,
Gray Apple Iphone 11 Plus Seized as,phone,
Gray Apple Iphone 11 Plus Seized as FP&F No,phone,
Gray Apple iPhone Seized as FP&F No. 2020250400323201,phone,
Gray Kyocera Cellular Phone Moden #C6730 (Device 2,phone,
HTC Cell Phone,phone,
HTC Cell Phone,phone,
iPhone,phone,
iPhone Cell Phone MF26OLL (Target Device 3) IMEI: 990002676783994,phone,
"iPhone model A1586, IMEI: 356149090494571",phone,
"iPhone model A1586, IMEI: 356149090494571",phone,
"iPhone model A1586, IMEI: 356149090494571",phone,
"iPhone model A1586, IMEI: 356149090494571 (JMB,",phone,
"iPhone model A1586, IMEI: 356149090494571 (KM,",phone,
iPhone X-Max(Target,phone,
LG cellular phone IMEI 359962109228575,phone,
LG cellular phone IMEI 359962109228575.,phone,
"LG Tribute, Cellular Telephone Assigned Call Number (225) 747-3296, with IMEI 359907101248659 (Device l)",phone,
Mobile Wireless telephones 619-332-7463 and 619-551-2090,phone,
ONE ALCATEL BLACK CELLULAR PHONE,phone,
ONE ALCATEL BLACK CELLULAR PHONE; ONE LG FLIP PHONE; ONE BLACK AND SILVER IPHONE; AND ONE BLACK IPHONE Re:,phone,multiple
ONE BLACK AND SILVER IPHONE,phone,
ONE BLACK APPLE IPHONE,phone,
"ONE BLACK APPLE IPHONE AND ONE APPLE IPAD PREVIOUSLY RECOVERED BY THE FBI FROM THE OFFICE OF JASON TIPTON, FORT BELVOIR COMMUNITY HOSPITAL,",phone,
"ONE BLACK APPLE IPHONE AND ONE APPLE IPAD PREVIOUSLY RECOVERED BY THE FBI FROM THE OFFICE OF JASON TIPTON, FORT BELVOIR COMMUNITY HOSPITAL,",phone,
"ONE BLACK APPLE IPHONE AND ONE APPLE IPAD PREVIOUSLY RECOVERED BY THE FBI FROM THE OFFICE OF JASON TIPTON, FORT BELVOIR COMMUNITY HOSPITAL, (",phone,
"ONE BLACK APPLE IPHONE AND ONE APPLE IPAD PREVIOUSLY RECOVERED BY THE FBI FROM THE OFFICE OF JASON TIPTON, FORT BELVOIR COMMUNITY HOSPITAL, (bb",phone,
One black Apple iPhone belonging to Faith Nchole Dunford Seized as Exhibit N-1,phone,
"one black Apple iPhone, associated with phone number 313-926-3958",phone,
ONE BLACK IPHONE,phone,
ONE BLACK LG SMART CELLULAR,phone,
"ONE BLACK LG SMART CELLULAR,",phone,
ONE LG FLIP PHONE,phone,
"One LG Verizon Phone,",phone,
"One LG Verizon Phone, gray in color, associated telephone number (304) 639-2853",phone,
Pink Apple iPhone FCCID BCG-E2946A.,phone,
Pink Huawei phone Seized as FP&F No. 2020250400186901,phone,
Rose Gold i-Phone (Target Device,phone,
Rose Gold i-Phone (Target Device),phone,
Rose Gold i-Phone (Target Device) Seizure No,phone,
"Rose Gold IPHONE XS MAX, IMEI 357275099020411 (khan,",phone,
"Samsung Cell Phone Mode: SM-S727VL(GP), IMEI",phone,
Samsung cellular phone,phone,
"Samsung Cellular Telephone,",phone,
"Samsung Cellular Telephone, Black",phone,
"Samsung Cellular Telephone, Black",phone,
Samsung Galaxy Cell Phone (828) 817-6763,phone,
"Samsung Galaxy Cellular Telephone Model SMA2050, Assigned Call Number (214)643- 9992",phone,
"Samsung Galaxy Cellular Telephone Model SMA2050, Assigned Call Number (214)643- 9992",phone,
Samsung Galaxy J2 Cellular Phone Model No. SM-J260T1,phone,
Samsung Galaxy Model SM-J337P; Google Pixel 3 XL,phone,
Samsung Galaxy S9+ cellular telephone with serial number R38K7097QJJ,phone,
"Samsung Galaxy S9+ cellular telephone with serial number R38K7097QJJ, a Microsoft Surfacebook (1713) computer with serial number 001430660357, and two Western Digital Passport 2TB external hard drives",phone,
"Samsung Galaxy S9+ cellular telephone with serial number R38K7097QJJ, a Microsoft Surfacebook (1713) computer with serial number 001430660357, and two Western Digital Passport 2TB external hard drives ;",phone,
Samsung model S7 cellular telephone in a red Otter Box brand case,phone,
Samsung model S7 cellular telephone in a red Otter Box brand case,phone,
"Samsung Phone, Model #SM-J260T1, Motorola Phone, Model #XT19555",phone,
"Samsung Phone, Model #SM-J260T1, Motorola Phone, Model #XT19555",phone,
"Samsung Phone, Model #SM-J260T1, Motorola Phone, Model #XT19555,",phone,
"Samsung, Model Number SM-J327P",phone,
"Samsung, Model Number SM-J327P (DLB",phone,
"Samsung, Model Number SM-J327P (DLB",phone,
"Samsung, Model Number SM-J327P (DLB)",phone,
"Samsung, Model Number SM-J327P (DLB) (",phone,
Silver LG Cellular Telephone,phone,
Silver LG Cellular Telephone;,phone,
SIX CELLULAR TELEPHONES FURTHER DESCRIBED IN ATTACHMENT,phone,
SIX CELLULAR TELEPHONES FURTHER DESCRIBED IN ATTACHMENT,phone,
SIX CELLULAR TELEPHONES FURTHER DESCRIBED IN ATTACHMENT A,phone,
SIX CELLULAR TELEPHONES FURTHER DESCRIBED IN ATTACHMENT A.,phone,
Sky Devices Cellphone IMEI: 352083110405040,phone,
Sky Devices Cellphone IMEI: 352083110405040,phone,
Tech Pad cell phone IMEI 861041049245220,phone,
"The Black ZTE Blade Force 4G, The Storage unit #3348",phone,
The Black ZTE Blade Force 4G.,phone,
The Black ZTE Blade Force 4G. (,phone,
The cellular telephone assigned call number 213-285-9911,phone,
The cellular telephone assigned call number 414-550-2053,phone,
The cellular telephone assigned call number 920-371-4279,phone,
the Cellular Telephonic Assigned 414-499-6755,phone,
Three cellular telephones,phone,
Timovi Flip Phone IMEI No. 354364100507245,phone,
"to AN APPLE IPHONE (IMEI NUMBER 358689096531999), CURRENTLY IN MPD CUSTODY AT 17 DC VILLAGE LANE, S.W. WASHINGTON, D.C. 20032",phone,
"to AN APPLE IPHONE (IMEI NUMBER 358689096531999), CURRENTLY IN MPD CUSTODY AT 17 DC VILLAGE LANE, S.W. WASHINGTON, D.C. 20032",phone,
"to Apple iPhone 7, Microsoft Surface Pro4",phone,
"toAN APPLE IPHONE (IMEI NUMBER 358689096531999), CURRENTLY IN MPD CUSTODY AT 17 DC VILLAGE LANE, S.W. WASHINGTON, D.C. 20032",phone,
"toFOUR CELLULAR TELEPHONES THAT ARE CURRENTLY IN THE POSSESSION OF THE FEDERAL BUREAU OF INVESTIGATION IN WASHINGTON, D.C",phone,
"toFOUR CELLULAR TELEPHONES THAT ARE CURRENTLY IN THE POSSESSION OF THE FEDERAL BUREAU OF INVESTIGATION IN WASHINGTON, D.C",phone,
"toFOUR CELLULAR TELEPHONES THAT ARE CURRENTLY IN THE POSSESSION OF THE FEDERAL BUREAU OF INVESTIGATION IN WASHINGTON, D.C",phone,
"toFOUR CELLULAR TELEPHONES THAT ARE CURRENTLY IN THE POSSESSION OF THE FEDERAL BUREAU OF INVESTIGATION IN WASHINGTON, D.C",phone,
"toFOUR CELLULAR TELEPHONES THAT ARE CURRENTLY IN THE POSSESSION OF THE FEDERAL BUREAU OF INVESTIGATION IN WASHINGTON, D.C..",phone,
"toFOUR CELLULAR TELEPHONES THAT ARE CURRENTLY IN THE POSSESSION OF THE FEDERAL BUREAU OF INVESTIGATION IN WASHINGTON, D.C..",phone,
"toFOUR CELLULAR TELEPHONES THAT ARE CURRENTLY IN THE POSSESSION OF THE FEDERAL BUREAU OF INVESTIGATION IN WASHINGTON, D.C.. (",phone,
"TracFone Alcatel Raven Cellular Phone, Model A574BL, IMEI number 015295000054212, black in color",phone,
"TracFone Alcatel Raven Cellular Phone, Model A574BL, IMEI number 015295000054212, black in color",phone,
"TracFone Alcatel Raven Cellular Phone, Model A574BL, IMEI number 015295000054212, black in color;",phone,
Two cell phones,phone,
Two cellular telephones: Samsung Galaxy Model SM-J337P,phone,
VERIZON,phone,
Verizon Wireless,phone,
Verizon Wireless 602 339-1977,phone,
Verizon Wireless 802 249-7653,phone,
Verizon Wireless.,phone,
"White Xperia cell phone Seizure No. 2020250600095401-003 (""Target Device"")",phone,
Braejon Lee Spikes,person,
Brian Jeffrey Valencia,person,
Eligio Lee Camacho,person,
John Doe,person,
Junior W Miller (TW) (,person,
Kaliph K Hendree USMS No 07951-509 housed at Dodge Correctional Institution,person,
"Kevin Pelayo and Cristine Fredericks and residence at 5007 Onion Road, Killeen, Bell County, Texas",person,
Nicholas Sepesko,person,
Nicholas Sepesko (,person,
Peter Anthony Stiebel,person,
"Raymond Dale Carr, Jr",person,
"Raymond Dale Carr, Jr",person,
"The Person and Items in Possession of Evan Montvel-Cohen to Include Checked Luggage, Carry-On Baggage and Other Items",person,
"The Person Known And Described As Darnell Braxton, NYSID Number 07797185R.",person,
"The person of Gilbert J. Paniagua, his cell phone, and the premises located at 8338 N. Interstate Ave., Apt. 412, Portland, OR",person,
"The person of William Warren Pearce and the premises located at 4696 SE Libby Ct., Hillsboro, Oregon 97123",person,
"toTHE PERSON OF RONELL BROWN, B/M.",person,
"A UPS PACKAGE ADDRESSED TO 2600 WELSH ROAD, APARTMENT NO.",package,
Adams County Parcel Number: 0171917406011,package,
"FIVE U.S. POSTAL PARCELS LOCATED AT THE WASHINGTON GENERAL MAIL FACILITY, WASHINGTON, DC UNDER RULE 41",package,
"Priority Mail Parcel 9405536897846109889643 addressed to ""Aviara CPA, 6965 El Camino Real Ste 105, PMB 172, Carlsbad, CA 92009-4101",package,
Priority Mail Parcel 9505 5145 2349 0183 3310 45,package,
Priority Mail Parcel 9505 5145 2349 0183 3310 45,package,
Priority Mail Parcel 9505 5145 2349 0183 3310 45,package,
Priority Mail Parcel 9505 5145 2349 0183 3310 45,package,
"Priority Mail Parcel 9505 5145 2349 0183 3310 45,",package,
Priority Mail tracking number 9505 5132 8192 0279 3862 58,package,
Priority Mail tracking number 9505 5132 8192 0279 3862 58,package,
Priority Mail tracking number 9505 5132 8192 0279 3862 58.,package,
U.S. Priority Mail Express parcel EE373980899US,package,
U.S. Priority Mail Express parcel EJ172391207US,package,
U.S. Priority Mail Express parcel EJ225393842US,package,
U.S. Priority Mail Express parcel EJ225393842US,package,
U.S. Priority Mail Express parcel EJ326415493US,package,
U.S. Priority Mail Express parcel EJ346369458US,package,
U.S. Priority Mail Express parcel EJ380803925US,package,
U.S. Priority Mail Express parcel EJ395412546US,package,
U.S. Priority Mail parcel EJ281033727US,package,
U.S. Priority Mail parcel EJ281033727US,package,
U.S. Priority Mail parcel EJ373185459US,package,
"United States Postal Service Parcel, Tracking Number: EJ374966902US, addressed to 375 N. 167th Dr., Goodyear, AZ 85338",package,
"United States Postal Service Parcel, Tracking Number: EJ374966902US, addressed to 375 N. 167th Dr., Goodyear, AZ 85338",package,
United States Postal Service Priority Mail Express parcel,package,
United States Postal Service Priority Mail Express parcel,package,
United States Postal Service Priority Mail Express parcel,package,
United States Postal Service Priority Mail Express Parcel EE 336647090 US,package,
United States Postal Service Priority Mail Express Parcel EE 336647090 US,package,
United States Postal Service Priority Mail Express Parcel EE 336647090 US.,package,
United States Postal Service Priority Mail Express parcel.,package,
United States Postal Service Priority Mail parcel,package,
United States Postal Service Priority Mail parcel,package,
United States Postal Service Priority Mail Parcel 1,package,
"United States Postal Service Priority Mail Parcel 1, United States Postal Service Priority Mail Parcel 2 by",package,
United States Postal Service Priority Mail Parcel 2,package,
US Mail Parcel,package,
US Mail Parcel.,package,
"USPS Priority Mail addressed to 2609 Granby St, Norfolk, VA 23517",package,
"USPS Priority Mail addressed to 2609 Granby St, Norfolk, VA 23517",package,
"USPS Priority Mail addressed to 2609 Granby St, Norfolk, VA 23517",package,
"USPS Priority Mail addressed to 2609 Granby St, Norfolk, VA 23517 (mrees, )",package,
USPS Priority Mail Express Parcel EE 403 136 459 US,package,
USPS Priority Mail Express Parcel EE 403 136 459 US,package,
USPS Priority Mail Parcel bearing USPS Priority Mail Tracking Number,package,
USPS Priority Mail Parcel bearing USPS Priority Mail Tracking Number,package,
USPS Priority Mail Parcel bearing USPS Priority Mail Tracking Number (,package,
USPS Priority Mail Parcel bearing USPS Priority Mail Tracking Number (,package,
USPS Priority Mail Parcel bearing USPS Priority Mail Tracking Number (P) 9505514179470273881479,package,
USPS Priority Mail Parcel bearing USPS Priority Mail Tracking Number (P) 9505514179470273881479,package,
USPS Priority Mail Parcel bearing USPS Priority Mail Tracking Number (P) 9505514179470273881479,package,
USPS Priority Mail Parcel bearing USPS Tracking Number,package,
USPS Priority Mail Parcel bearing USPS Tracking Number (P) 9505 5105 4671 0202 2188 16,package,
USPS Priority Mail Parcel bearing USPS Tracking Number (P) 9505 5148 7447 0164 4194 51,package,
USPS Priority Mail Parcel bearing USPS Tracking Number (P) 9505 5148 7447 0164 4194 51,package,
USPS Priority Mail Parcel bearing USPS Tracking Number (P) 9505 5148 7447 0164 4194 51,package,
USPS Priority Mail Parcel bearing USPS Tracking Number (P) 9505 5148 7447 0164 4194 51,package,
"Apple, Inc., One Infinite Loop, Cupertino, California 95014",online account,
"Apple, Inc., One Infinite Loop, Cupertino, California 95014 (jdpjazzy891@gmail.com)",online account,
"Apple, Inc., One Infinite Loop, Cupertino, California 95014 (jdpjazzy891@gmail.com)",online account,
Brianrlewis78@gmail.com,online account,
Brianrlewis78@gmail.com,online account,
"Discord, Inc. account bearing user ID 280192627549274112",online account,
"DROPBOX, INC",online account,
Facebook,online account,
"Facebook, 1601 Willow Road Menlo Park, California 94025",online account,
"Facebook, Inc., 1601 Willow Road Menlo Park, CA 94025 (Facebook ID 100002128756342",online account,
"Facebook, Inc., 1601 Willow Road Menlo Park, CA 94025 (Facebook ID 100002128756342",online account,
"Facebook, Inc., 1601 Willow Road Menlo Park, CA 94025 (Facebook ID 100002128756342)",online account,
"Google, Inc. MaineHunter1991@gmail.com",online account,
"Google, Inc. MaineHunter1991@gmail.com",online account,
"Google, Inc. MaineHunter1991@gmail.com - APPROVED",online account,
"Google, Inc. MaineHunter1991@gmail.com.(kad",online account,
Handsomerob0315@gmail.com,online account,
"HopelynAusk123116, marcus.griffin",online account,
"Host of Facebook User ID: ""Jessihawk Morales"" Facebook, Inc., 1 Hacker Way Menlo Park, California 94025",online account,
INFO ASSOCIATED WITH KEVINPELAYO@HOTMAIL.COM,online account,
Information Associated with a user account that is stored at premises controlled by Spireon Inc.,online account,
Information Associated with a user account that is stored at premises controlled by Spireon Inc. (aef,online account,
"Information Associated with Account ""peteiegreen""",online account,
"Information Associated with Account ""peteiegreen""",online account,
"Information Associated With Dropbox User Identification Numbers 26293153, 1208420448 And 1719104928",online account,
"Information Associated With Dropbox User Identification Numbers 26293153, 1208420448 And 1719104928",online account,
INFORMATION ASSOCIATED WITH FACEBOOK USER ID 1300968540 THAT IS STORED AT PREMISES CONTROLLED BY FACEBOOK INC,online account,
INFORMATION ASSOCIATED WITH FACEBOOK USER ID 1300968540 THAT IS STORED AT PREMISES CONTROLLED BY FACEBOOK INC.,online account,
Information Associated with Facebook User ID https://www.facebook.com/profile.phpid=100008210433667 that is Stored at Premises Controlled by Facebook Inc.,online account,
Information Associated with Facebook User ID https://www.facebook.com/profile.phpid=100008210433667 that is Stored at Premises Controlled by Facebook Inc. (,online account,
Information associated with Skype Account: donstenson,online account,
"INFORMATION ASSOCIATED WITH THE BRANDON@HELPTHEMEDIA.COM AND INFO@HELPTHEMEDIA.COM EMAIL ACCOUNTS THAT ARE STORED AT PREMISES CONTROLLED BY A2 HOSTING, INC",online account,
Information Associated with Twitter User ID https://twitter.com/clartigue17lang=en that is Stored at Premises Controlled by Twitter Inc.,online account,
Information Associated with Twitter User ID https://twitter.com/clartigue17lang=en that is Stored at Premises Controlled by Twitter Inc. (,online account,
"Information maintained on computer servers controlled by Google, Inc",online account,
Information related with the following Facebook UID user and username Michael Karmo 100005005115157 Michael Karmo / michael.karmo53,online account,
Information related with the following Facebook UID user and username Michael Karmo 100005005115157 Michael Karmo / michael.karmo53,online account,
"Information related with the following Facebook UID user and username: Cody Smith 100001639894773 ""Cody Smith""",online account,
"Information related with the following Facebook UID user and username: Cody Smith 100001639894773 ""Cody Smith""",online account,
Jenniferlegge86@gmail.com,online account,
Jklenterprises01@gmail.com,online account,
Kindle,online account,
Kindle,online account,
lavandos@india.com,online account,
MaineHunter1991@gmail.com.(kad,online account,
MEGA's downloaded digital content of Beck's MEGA account - Macgwire532@gmail.com,online account,
MEGA's downloaded digital content of Beck's MEGA account - Macgwire532@gmail.com located at FBI Milwaukee,online account,
MEGA's downloaded digital content of Beck's MEGA account - Macgwire532@gmail.com located at FBI Milwaukee,online account,
MEGA's downloaded digital content of Beck's MEGA account - Macgwire532@gmail.com located at FBI Milwaukee Office,online account,
MEGA's downloaded digital content of Beck's MEGA account - Macgwire532@gmail.com located at FBI Milwaukee Office,online account,
MEGA's downloaded digital content of Beck's MEGA account - Macgwire532@gmail.com located at FBI Milwaukee Office,online account,
patriotprocessing15@gmail.com,online account,
Property Located at: Google LLC,online account,
Property Located at: Google LLC,online account,
Rlegge69@gmail.com,online account,
Skype Account: donstenson,online account,
"Snapchat (owned by Snap, Inc.) account with username ""Fun_boy1313""",online account,
"Snapchat Account ""lynnoxfin"" Stored at the Premises of Snap, Inc",online account,
"Snapchat Account ""squeeze10_8",online account,
"Snapchat Account ""squeeze10_8""",online account,
swambash@gmail.com,online account,
swambash@gmail.com,online account,
TARGET ACCOUNT STORED AT PREMISES CONTROLLED BY MEDIALAB.AI,online account,
Target Facebook Account User,online account,
Target Facebook Account User,online account,
"THE DROPBOX, INC",online account,
"THREE HUNDRED THREE VIRTUAL CURRENCY ACCOUNTS, THE DARKSCANDALS.COM DOMAIN",online account,
"THREE HUNDRED THREE VIRTUAL CURRENCY ACCOUNTS, THE DARKSCANDALS.COM DOMAIN,",online account,
"THREE HUNDRED THREE VIRTUAL CURRENCY ACCOUNTS, THE DARKSCANDALS.COM DOMAIN, AND THE DARKSCANDALS.CO DOMAIN",online account,
to IN RE: INFO ASSOCIATED WITH KEVINPELAYO@HOTMAIL.COM,online account,
"VIRTUAL CURRENCY ACCOUNTS, THE DARKSCANDALS.COM DOMAIN, AND THE DARKSCANDALS.CO DOMAIN (",online account,
"1534 Wabash Street, 2002 Oldsmobile Intrigue, Ring,",multiple,
"1534 Wabash Street, 2002 Oldsmobile Intrigue, Ring, Robert",multiple,
"1534 Wabash Street, 2002 Oldsmobile Intrigue, Ring, Robert",multiple,
"1534 Wabash Street, 2002 Oldsmobile Intrigue, Ring, Robert.",multiple,
"$46,300 in US Currency held at Busey Bank",money,
"ALL FUNDS ON DEPOSIT IN EASTERN BANK ACCT # xxxx, CURRENTLY HELD IN THE NAME OF K&B EDUCATION GROUP LLC",money,
"ALL FUNDS ON DEPOSIT IN EASTERN BANK ACCT # xxxx, CURRENTLY HELD IN THE NAME OF K&B EDUCATION GROUP LLC (",money,
"ALL FUNDS ON DEPOSIT UP TO A TOTAL OF $75,000.00 IN BANK OF AMERICA ACCOUNT NUMBER 237041857577, IN THE NAME OF LEWIS REVENUE GROUP L.L.C.",money,
"All funds up to $100,030.00 from account number 7303991, at Toronto Dominion Bank in Canada",money,
"Any funds, up to $23,397.07, in Bank of America account 354011819004",money,
Financial Account from,money,
Financial Account from Capital One,money,
Financial Account from Capital One,money,
Financial Account from JP Morgan Chase Bank,money,
Financial Account from JP Morgan Chase Bank,money,
"IN THE MATTER OF THE SEIZURE OF ALL FUNDS ON DEPOSIT UP TO A TOTAL OF $75,000.00 IN BANK OF AMERICA ACCOUNT NUMBER 237041857577, IN THE NAME OF LEWIS REVENUE GROUP L.L.C.",money,
toALL FUNDS IN TWO BANK ACCOUNTS HELD AT RENASANT BANK PURSUANT TO 18 U.S.C. 981,money,
"toSEIZURE OF ALL MONIES AND OTHER THINGS OF VALUE IN BANK OF AMERICA ACCOUNT # 446043617409, IN THE NAME OF TERRON DEMISE BARNES",money,
toTHE SEIZURE OF ALL FUNDS IN TWO BANK ACCOUNTS,money,
on 4/14/20,mistake,
", iPod",electronic devices other than phones,
"18 DIGITAL DEVICES, CURRENTLY LOCATED AT THE WASHINGTON OFFICE OF THE DRUG ENFORCEMENT ADMINISTRATION, 801 I STREET NW, WASHINGTON, D.C. UNDER RULE 41",electronic devices other than phones,
2 Subject Devices,electronic devices other than phones,
A Black Dell Inspiron 15 Laptop Serial No J0RRLJ2,electronic devices other than phones,
A Black Dell Inspiron 15 Laptop Serial No J0RRLJ2,electronic devices other than phones,
Alienware Laptop,electronic devices other than phones,
as to Target Devices,electronic devices other than phones,
Asus Laptop,electronic devices other than phones,
Black Sumsung Digital Video Recorder Model No SDR-C5300N,electronic devices other than phones,
Black Sumsung Digital Video Recorder Model No SDR-C5300N (KM,electronic devices other than phones,
Cobra DVR System,electronic devices other than phones,
Cobra DVR System.,electronic devices other than phones,
Dell Inspiron 15 Laptop Computer,electronic devices other than phones,
Dell Inspiron 15 Laptop Computer,electronic devices other than phones,
Dell Inspiron 15 Laptop Computer - APPROVED,electronic devices other than phones,
Dell Laptop,electronic devices other than phones,
Electronic Devices,electronic devices other than phones,
Electronic Devices,electronic devices other than phones,
"Electronic Devices located at 1970 E. Parham Road, Richmond, Virginia 23228",electronic devices other than phones,
Electronic Devices Seized from the Residence of Zaosong Zheng,electronic devices other than phones,
Flash Drive.(kad,electronic devices other than phones,
HP Laptop,electronic devices other than phones,
"IN THE MATTER OF THE SEARCH OF 18 DIGITAL DEVICES, CURRENTLY LOCATED AT THE WASHINGTON OFFICE OF THE DRUG ENFORCEMENT ADMINISTRATION, 801 I STREET NW, WASHINGTON, D.C.",electronic devices other than phones,
"IN THE MATTER OF THE SEARCH OF 18 DIGITAL DEVICES, CURRENTLY LOCATED AT THE WASHINGTON OFFICE OF THE DRUG ENFORCEMENT ADMINISTRATION, 801 I STREET NW, WASHINGTON, D.C. UNDER",electronic devices other than phones,
iPad,electronic devices other than phones,
iPad,electronic devices other than phones,
"Lenovo Ideapad, NXT USB Drive, Philips USB Drive",electronic devices other than phones,
"Lenovo Ideapad, NXT USB Drive, Philips USB Drive",electronic devices other than phones,
"Lenovo Ideapad, NXT USB Drive, Philips USB Drive -",electronic devices other than phones,
"Lenovo Ideapad, NXT USB Drive, Philips USB Drive - APPROVED",electronic devices other than phones,
Lenovo Thinkpad X1 Yoga,electronic devices other than phones,
Lexar 16G SD Card,electronic devices other than phones,
Micro SD Card,electronic devices other than phones,
Microsoft Tablet,electronic devices other than phones,
"ONE APPLE IPAD PREVIOUSLY RECOVERED BY THE FBI FROM THE OFFICE OF JASON TIPTON, FORT BELVOIR COMMUNITY HOSPITAL",electronic devices other than phones,
One Seagate Hard Drive,electronic devices other than phones,
Origin PC Tower,electronic devices other than phones,
Subject Devices,electronic devices other than phones,
Subject Digital Devices.,electronic devices other than phones,
Target Devices,electronic devices other than phones,
Target Devices,electronic devices other than phones,
"The Infotainment/Telematics Systems contained within the 2016 Hyundai Santa Fe Sport 2.0T Bearing VIN 5XYZWDLA4GG340595, currently located at 9325 Discovery Boulevard, Manassas, Virginia",electronic devices other than phones,
"The Infotainment/Telematics Systems contained within the 2016 Hyundai Santa Fe Sport 2.0T Bearing VIN 5XYZWDLA4GG340595, currently located at 9325 Discovery Boulevard, Manassas, Virginia",electronic devices other than phones,
to Black Sumsung Digital Video Recorder Model No SDR-C5300N,electronic devices other than phones,
Universal Serial Bus Flash Drives.(kad,electronic devices other than phones,
Western Digital Passport 2TB external hard drives,electronic devices other than phones,
Gray Hooded Sweatshirt with Red Logo and other clothing items,clothes,
THE STREET CLOTHES OF INMATE DAVID ELMEKAYES STORED AT THE PHILADELPHIA FEDERAL DETENTION CENTER,clothes,
THE STREET CLOTHES OF INMATE DAVID ELMEKAYES STORED AT THE PHILADELPHIA FEDERAL DETENTION CENTER Re:,clothes,
"1988 VOLKSWAGEN VANAGON, NORTH CAROLINA LICENSE PLATE NUMBER ECD-8080, REGISTERED TO GENE LEGRAND HICKMAN",car,
"1988 VOLKSWAGEN VANAGON, NORTH CAROLINA LICENSE PLATE NUMBER ECD-8080, REGISTERED TO GENE LEGRAND HICKMAN JR",car,
"1988 VOLKSWAGEN VANAGON, NORTH CAROLINA LICENSE PLATE NUMBER ECD-8080, REGISTERED TO GENE LEGRAND HICKMAN JR",car,
2001 Brown Chevy Venture Minivan,car,
2001 Brown Chevy Venture Minivan (,car,
"2003 green Jeep Liberty, Bearing Colorado License Plate CTC603, VIN: 1J4GL48K23W529500",car,
"2003 green Jeep Liberty, Bearing Colorado License Plate CTC603, VIN: 1J4GL48K23W529500",car,
2003 Silver Mercedes Benz Sedan bearing WI license plate AAC-211,car,
2003 Silver Mercedes Benz Sedan bearing WI license plate AAC-211,car,
"2004 Dodge Ram, LIC 7N66889",car,
"2004 Dodge Ram, LIC 7N66889",car,
"2006 Augusta Grand A109S Serial 22022 Helicopter, Trail Number N290FD",car,
"2006 Augusta Grand A109S Serial 22022 Helicopter, Trail Number N290FD (DLB) (",car,
"2008 Red Chrysler Town and Country, VIN Number 2A8HR44H78R711477, New York Registration KFN4473",car,
2010 White Chevy Silverado Pickup,car,
2010 White Chevy Silverado Pickup,car,
2010 White Chevy Silverado Pickup,car,
2010 White Chevy Silverado Pickup (,car,
2012 gray Mazda Sedan,car,
2012 gray Mazda Sedan,car,
2012 gray Mazda Sedan.,car,
2015 WHITE GMC YUKON DENALI WITH NORTH CAROLINA PLATE FKR7380,car,
2015 WHITE GMC YUKON DENALI WITH NORTH CAROLINA PLATE FKR7380,car,
2015 WHITE GMC YUKON DENALI WITH NORTH CAROLINA PLATE FKR7380,car,
"2017 Ford Transit 250, MI registration DWD8264, VIN: 1FTYR1ZM6HKA04347, currently believed to be located in Marquette County, Michigan",car,
"2017 Ford Transit 250, MI registration DWD8264, VIN: 1FTYR1ZM6HKA04347, currently believed to be located in Marquette County, Michigan",car,
"2017 Ford Transit 250, MI registration DWD8264, VIN: 1FTYR1ZM6HKA04347, currently believed to be located in Marquette County, Michigan",car,
"2017 Ford Transit 250, MI registration DWD8264, VIN: 1FTYR1ZM6HKA04347, currently believed to be located in Marquette County, Michigan",car,
2018 Ford F150 pickup truck bearing Missouri license plate number 5FBW88 and Vehicle Identification Number (VIN) 1FTEW1CP5JKE22967,car,
"A 2002 FORD TAURUS SEDAN, VEHICLE IDENTIFICATION NUMBER (VIN#",car,
"A 2002 FORD TAURUS SEDAN, VEHICLE IDENTIFICATION NUMBER (VIN#) 1FAFP55U42G178296",car,
"A 2002 FORD TAURUS SEDAN, VEHICLE IDENTIFICATION NUMBER (VIN#) 1FAFP55U42G178296",car,
"as one 2008 Red Chrysler Town and Country, VIN Number 2A8HR44H78R711477, New York Registration KFN4473",car,
"Audi Car,",car,
"Audi Car,",car,
"Audi Car, (",car,
"Audi Car, 1",car,
BLACK 2019 CHEVY TAHOE TX LICENSE PLAT MHX3766 VIN 1GNSKBKC1KR160917 REGS TO CRISTINE FREDERICKS,car,
"Blue 2013 Subaru Impreza Limited, VIN: JF1GPAH63D221468, with North Carolina License Plate ME0WBP, Located at 24 Oakcrest Place, Asheville, NC 28806",car,
Dodge Durango 2019,car,
Jeep Grand Cherokee 2019,car,
Nissan NV Cargo Van,car,
"white 2018 Audi Q5 sport utility vehicle, NY license plate number KED8802 ID number WA1BNAFYXJ2003131",car,
"3 vials of blood and 1 container of urine located at St. Charles Hospital Laboratory, Bend, Oregon",biological materials,
A BLOOD SAMPLE,biological materials,
BLOOD SAMPLE,biological materials,
"Nolan Michael Alexis, DOB xx/xx/1982, SSN xxx-xx-5903, via a buccal swab, wherever found",biological materials,
"Nolan Michael Alexis, DOB xx/xx/1982, SSN xxx-xx-5903, via a buccal swab, wherever found",biological materials,
the taking of DNA samples from Rodney TRAYLOR,biological materials,
"The black bag containing jewelry, 5 cellphones, U.S. currency; and 4 firearms currently located at 618 Airport Road, Pendleton.OR",bag,
": 2855 Statesman Way, Apt 109, Franklin, WI",address,
"[Redacted] Pine Ridge, South Dakota",address,
"1037 Reepsville Road, Lincolnton, North Carolina",address,
"1037 Reepsville Road, Lincolnton, North Carolina.",address,
"11450 MELODY DRIVE, APARTMENT #B-207 NORTHGLENN, COLORADO 80260",address,
"11450 MELODY DRIVE, APARTMENT #B-207 NORTHGLENN, COLORADO 80260",address,
"115 High Street, Apartment 1, Southbridge, MA 01550",address,
"115 High Street, Apartment 1, Southbridge, MA 01550",address,
"1160 Laurel Brook Lane, Montgomery, Alabama 36117, including all buildings, structures, storage facilities, and other artifices located, along with electronic devices",address,
"1160 Laurel Brook Lane, Montgomery, Alabama 36117, including all buildings, structures, storage facilities, and other artifices located, along with electronic devices (cs",address,
"120 Kemper Street, Vallejo, CA 94589",address,
"120 Kemper Street, Vallejo, CA 94589",address,
"120 Kemper Street, Vallejo, CA 94589",address,
"120 Kemper Street, Vallejo, CA 94589",address,
"124 EARL STREET, PITTSBURGH, PA 15204",address,
"12828 N. Mountainside Dr., #101, Fountain Hills, AZ 85268",address,
"1331 West 50th Street South, Wichita, KS",address,
"1331 West 50th Street South, Wichita, KS by",address,
"143 Fulton Street, First and Third Floors, Boston, MA 02109",address,
"15 Thistlewood Way, Piedmont, SC",address,
"165 Merrimac Trail, Apt 6, Williamsburg, VA 23185",address,
1656 S Pearl St Milwaukee WI,address,
175 OLD FRANKLIN ROAD,address,
175 OLD FRANKLIN ROAD,address,
"1970 E. Parham Road, Richmond, Virginia 23228",address,
"2000 Clay Bank Road Apartment R7, Fairfield, CA 94533",address,
"2000 Clay Bank Road Apartment R7, Fairfield, CA 94533",address,
"20702 Crescent Point Place, Ashburn, Virginia",address,
"20702 Crescent Point Place, Ashburn, Virginia",address,
2166 South 15th St Lower Milwaukee WI,address,
2166 South 15th St Lower Milwaukee WI;,address,
"245 ASHLAND AVENUE, STATEN ISLAND, NEW YORK 10309",address,
"263 East Cottage Street, Apartment 2, Dorchester, Massachusetts",address,
"267 Fuller Street, Apartment 1R, Dorchester, Massachusetts",address,
"2740 N Greenwich Court, Wichita, Kansas",address,
"2740 N Greenwich Court, Wichita, Kansas",address,
2817 University Ave Green Bay WI,address,
"2855 Statesman Way, Apt 109, Franklin, WI",address,
"333 MOSELEY STREET, STATEN ISLAND, NY",address,
"333 MOSELEY STREET, STATEN ISLAND, NY",address,
3427 Flat Road,address,
"382117 E 1120 Road, Weleetka, Oklahoma, 382103 E 1120 Road, Weleetka, Oklahoma",address,
"382117 E 1120 Road, Weleetka, Oklahoma, 382103 E 1120 Road, Weleetka, Oklahoma",address,
"382117 E 1120 Road, Weleetka, Oklahoma, 382103 E 1120 Road, Weleetka, Oklahoma",address,
"382117 E 1120 Road, Weleetka, Oklahoma, 382103 E 1120 Road, Weleetka, Oklahoma",address,
"4029 Mountain Side Trail, Dacula, GA 30019-7266",address,
"4046 BATTLEGROUND AVENUE, APARTMENT 3G, GREENSBORO, NORTH CAROLINA, 27410",address,
"4046 BATTLEGROUND AVENUE, APARTMENT 3G, GREENSBORO, NORTH CAROLINA, 27410",address,
"414 Berger Road, Marrero, LA 70094",address,
448 FRENCHTOWN ROAD FRENCHTOWN TOWNSHIP,address,
448 FRENCHTOWN ROAD FRENCHTOWN TOWNSHIP,address,
"4956 STATE ROUTE 52, JEFFERSONVILLE, NEW YORK 12748",address,
"501 Montana Avenue, Missoula, Montana 59802",address,
"5200 Susan Drive, Amarillo, Texas",address,
"5200 Susan Drive, Amarillo, Texas",address,
"54 Spruce St., Apartment 6, Burlington, VT",address,
"639 CHURCHILL AVENUE, PITTSBURGH, PA 15235",address,
"639 CHURCHILL AVENUE, PITTSBURGH, PA 15235",address,
"67 Big Creek Road Midville, Georgia 30441",address,
"6746 South Revere Parkway Suite 135, Parker Wilson, 2004 Nissan Pathfinder",address,
"6746 South Revere Parkway Suite 135, Parker Wilson, 2004 Nissan Pathfinder",address,
"6746 South Revere Parkway Suite 135, Parker Wilson, 2004 Nissan Pathfinder",address,
"6746 South Revere Parkway Suite 135, Parker Wilson, 2004 Nissan Pathfinder",address,
"74 Lancaster Road, Arlington, Massachusetts, 02476",address,
"7719 52nd Avenue, Sacramento, CA",address,
"7719 52nd Avenue, Sacramento, CA",address,
"7719 52nd Avenue, Sacramento, CA.",address,
"788 Trussell Road, Hartford, Alabama 36344",address,
897 Fording Island Road Unit 1213 Bluffton SC 29910,address,
897 Fording Island Road Unit 1213 Bluffton SC 29910,address,
"9 Granite Street, # 5",address,
"a Residence and Accessory Structures Comprising 1426 Pudding Hill Road, Lyndonville, Vermont 05851",address,
"Abingdon, VA",address,
"Abingdon, VA",address,
"Abingdon, Virginia",address,
An apartment in Federal Way,address,
"An Unknown Location Within The Eastern District Of New York, Particularly Described As Premises To Which The Parcel With United States Postal Service Tracking Number 92748927005361010001537675",address,
"An Unknown Location Within The Eastern District Of New York, Particularly Described As Premises To Which The Parcel With United States Postal Service Tracking Number 92748927005361010001537675 Address",address,
"An Unknown Location Within The Eastern District Of New York, Particularly Described As Premises To Which The Parcel With United States Postal Service Tracking Number 92748927005361010001537675 Address",address,
"Bristol, VA",address,
"Bristol, VA",address,
"Bristol, VA",address,
"Bristol, VA",address,
"Bristol, VA.",address,
"Grundy, VA",address,
"Grundy, VA",address,
"Independence, Va 24348",address,
"Independence, Va 24348",address,
"Lebanon, NH, 18 1/2 South St, Apt 5",address,
Location,address,
"Londonderry, NH, 145 Canterbury Lane",address,
"Londonderry, NH, 145 Canterbury Lane -",address,
"Londonderry, NH, 145 Canterbury Lane - APPROVED",address,
"Madison Heights, Virginia 24572",address,
"Milton, NH, 16 Commerce Way",address,
"Milton, NH, 16 Commerce Way - APPROVED",address,
"Nashua, NH, RightSpace Storage, 15 Northwest Boulevard - APPROVED",address,
"PROPERTY OF 5855 HUNTING LODGE ROAD, PLEASANT GARDEN, NC 27313",address,
Residence and Person of Margaret Aislinn Channon,address,
"Residence of Cristyan J Gonzalez-Carrillo, 1096 Longbow Lane Bozeman, MT",address,
"Residence, Newark, Delaware",address,
"Residence, Newark, Delaware",address,
"Residence, Newark, Delaware (",address,
"Residence, Newark, Delaware (ceg",address,
"Roanoke, VA 24017",address,
Subject Premises,address,
"Target Location #1: 2855 Statesman Way, Apt 109, Franklin, WI.",address,
"TEXTILE FIELD USA LLC, 834 HUFFMAN STREET, GREENSBORO, NC 27405",address,
"TEXTILE FIELD USA LLC, 834 HUFFMAN STREET, GREENSBORO, NC 27405",address,
"The ground floor of 2925 Marion Dr., Colorado Springs, CO 80909",address,
"THE LOEWS HOTEL, 1200 MARKET STREET, PHILADELPHIA, PA 19107, ROOM 2411",address,
"THE LOEWS HOTEL, 1200 MARKET STREET, PHILADELPHIA, PA 19107, ROOM 2411 Re:",address,
"The premise at 60 Rowley Street, Providence, RI 02909",address,
"The premise at 60 Rowley Street, Providence, RI 02909",address,
"the premises known and described 580 East 22ND Street, Brooklyn New York 11226, Apt #5",address,
"The Premises Known And Described As 229 Duffield Street, Room Number 308, Brooklyn, New York, 11201, An Any Closed Containers And Items Contained Therein",address,
"The premises located at 788 Trussell Road, Hartford, Alabama 36344",address,
"THE RESIDENCE AND CURTILAGE LOCATED AT 936 HAZEL ST, NEW CASTLE, PA 16101",address,
"THE RESIDENCE AND CURTILAGE LOCATED AT 936 HAZEL ST, NEW CASTLE, PA 16101",address,
The residence located at 16103 NE 95th Ct,address,
The residence located at 16103 NE 95th Ct,address,
"THE RESIDENCE LOCATED AT 66 PLEASANT STREET 2, METHUEN, MASSACHUSETTS",address,
"THE RESIDENCE LOCATED AT 66 PLEASANT STREET 2, METHUEN, MASSACHUSETTS (",address,
"The Residence Located at Roanoke, VA",address,
"The single family home and barn located at 9169 E. Hoxie Rd, Cedar, Michigan",address,
"to 1037 Reepsville Road, Lincolnton, North Carolina",address,
"to 501 Montana Avenue, Missoula, Montana 59802",address,
"to 501 Montana Avenue, Missoula, Montana 59802",address,
"to 870 Abbott Road, Buckhannon, WV",address,
"toTHE PREMISES LOCATED AT 1331 NEAL STREET NORTHEAST WASHINGTON, D.C. 20002",address,
UPMC MERCY HOSPITAL,address,
UPMC MERCY HOSPITAL,address,
"Vansant, VA 24656",address,
"Vansant, VA 24656",address,
1DJI Phantom 4 Unmanned Aerial Vehicle (UAV),electronic devices other than phones,
2 Seized Phones,phone,
20-052-04,mistake,
DAVID RAY SPEASE 12/20/1980,person,
GPD WIN2,electronic devices other than phones,